BUSINESS NAMES	Warby Wares	Deregistered	31/05/2015	12/10/2017	31/05/2017			48697696446
BUSINESS NAMES	SPLASH BUSINESS SOLUTIONS	Deregistered	01/06/2015	12/10/2017	01/06/2017			48968175734
BUSINESS NAMES	A to Zen Wellbeing	Deregistered	02/05/2016	15/09/2017	02/05/2017			83577206754
BUSINESS NAMES	oH my gooDnesS (organic vegan treats)	Deregistered	02/06/2015	27/06/2017	02/06/2018			96597952722
BUSINESS NAMES	AAA TURF AND GARDEN MAINTENANCE	Deregistered	02/06/2015	21/08/2017	02/06/2018			80896823016
BUSINESS NAMES	Drewz Brewz	Deregistered	04/06/2015	12/10/2017	04/06/2017			38560902316
BUSINESS NAMES	Corner Lane Cafe	Deregistered	03/06/2015	06/03/2017	03/06/2018			98101465249
BUSINESS NAMES	Healthy Kids Club Australia	Deregistered	03/06/2015	12/10/2017	03/06/2017			52168173457
BUSINESS NAMES	shade matters	Deregistered	02/06/2015	17/07/2017	02/06/2018			40931589931
BUSINESS NAMES	THE PRODUCER WORKS	Deregistered	02/06/2015	12/10/2017	02/06/2017			60722652788
BUSINESS NAMES	Healthy Dads Club Australia	Deregistered	04/06/2015	12/10/2017	04/06/2017			52168173457
BUSINESS NAMES	YCS Construction and Maintenance	Deregistered	02/06/2015	05/06/2017	02/06/2018			72723179779
BUSINESS NAMES	Healthy Families Club Australia	Deregistered	04/06/2015	12/10/2017	04/06/2017			52168173457
BUSINESS NAMES	Soul Origin Wintergarden	Deregistered	29/05/2015	06/03/2017	29/05/2018			93492041612
BUSINESS NAMES	 shaken not stirred beverage catering	Deregistered	01/06/2015	12/10/2017	01/06/2017			27401131429
BUSINESS NAMES	Electronic Security & Data Solutions	Deregistered	01/06/2015	12/10/2017	01/06/2017			13253118803
BUSINESS NAMES	SA-VIC TAILORED TOURS	Deregistered	03/06/2015	12/10/2017	03/06/2017			20226496370
BUSINESS NAMES	Passmore Driving School	Deregistered	03/06/2015	08/07/2017	03/06/2017			94128758289
BUSINESS NAMES	Axie Fins 'N' Things	Deregistered	02/06/2015	17/03/2017	02/06/2018			83454778861
BUSINESS NAMES	techs too you	Deregistered	03/06/2015	12/10/2017	03/06/2017			39116137076
BUSINESS NAMES	Battery Storage Safety	Deregistered	04/06/2015	12/10/2017	04/06/2017			97159492010
BUSINESS NAMES	RETRO LAND	Deregistered	30/05/2015	16/07/2017	30/05/2017			80437641019
BUSINESS NAMES	Three Winks Photography	Deregistered	01/06/2015	04/11/2017	01/06/2018			56331018500
BUSINESS NAMES	Wallys Curtains & Blinds	Deregistered	31/05/2015	09/06/2017	31/05/2017			
BUSINESS NAMES	D MACS TIPPER HIRE	Deregistered	03/06/2015	12/10/2017	03/06/2017			31132047384
BUSINESS NAMES	Dream On Kidswear	Deregistered	28/05/2015	05/10/2017	28/05/2017			17839921016
BUSINESS NAMES	NATIONAL MARINE DESIGN & SURVEY	Deregistered	02/06/2015	12/10/2017	02/06/2017			48188784877
BUSINESS NAMES	FOOD NOT FADS	Deregistered	30/05/2015	12/10/2017	30/05/2017			56942869398
BUSINESS NAMES	Angela Pickett Consulting	Deregistered	02/06/2015	12/10/2017	02/06/2017			42425112292
BUSINESS NAMES	HEDGE FINANCE	Deregistered	02/06/2015	10/08/2017	02/06/2017			17273118158
BUSINESS NAMES	SOILS AINT SOILS FORRESTFIELD	Deregistered	03/06/2015	28/10/2017	03/06/2018			29165113093
BUSINESS NAMES	Bilir Driving School	Deregistered	04/06/2015	12/10/2017	04/06/2017			42460622087
BUSINESS NAMES	HAPPY2SCRAP4U	Deregistered	09/03/2016	20/07/2017	09/03/2017			55738306006
BUSINESS NAMES	LUXE NAILS & LASHES	Deregistered	04/06/2015	12/10/2017	04/06/2017			81896565429
BUSINESS NAMES	BAY CITY ACCOUNTING SERVICES	Deregistered	29/05/2015	05/10/2017	29/05/2017			64675263136
BUSINESS NAMES	Pacific Ocean Buoys	Deregistered	30/05/2015	12/10/2017	30/05/2017			50670719054
BUSINESS NAMES	DK SCENTS	Deregistered	02/06/2015	12/10/2017	02/06/2017			30949859825
BUSINESS NAMES	@ Living Well	Deregistered	29/05/2015	05/10/2017	29/05/2017			27740663865
BUSINESS NAMES	HIRE A HUBBY YARRAVILLE	Deregistered	04/06/2015	06/03/2017	04/06/2018			64709782495
BUSINESS NAMES	Peninsula Events and Networking	Deregistered	29/05/2015	23/09/2017	12/05/2017			30605783159
BUSINESS NAMES	Passionfruit Organics	Deregistered	01/06/2015	12/10/2017	01/06/2017			22344329304
BUSINESS NAMES	SPRINGUP	Deregistered	02/06/2015	29/07/2017	02/06/2018			90502525638
BUSINESS NAMES	CAREERISH	Deregistered	04/06/2015	12/10/2017	04/06/2017			66399057837
BUSINESS NAMES	computer paramedics	Deregistered	29/05/2015	08/01/2018	29/05/2018			94605628715
BUSINESS NAMES	JAZZ JUNKTION	Deregistered	30/05/2015	12/10/2017	30/05/2017			38519268229
BUSINESS NAMES	Multi Crew Cooperation Australia	Deregistered	30/05/2015	12/10/2017	30/05/2017			49143217252
BUSINESS NAMES	ROUNDBERRY	Deregistered	03/06/2015	11/06/2017	03/06/2017			43646060592
BUSINESS NAMES	DELUXEFLOORING	Deregistered	29/05/2015	05/10/2017	29/05/2017			52826562895
BUSINESS NAMES	THE SEA AND I	Deregistered	04/06/2015	12/10/2017	04/06/2017			45581449180
BUSINESS NAMES	HARVEY NORMAN AV/IT SUPERSTORE CANNINGTON	Deregistered	29/05/2015	08/04/2017	29/05/2017			25121382087
BUSINESS NAMES	simons finance	Deregistered	01/06/2015	28/07/2017	01/06/2018			89126912132
BUSINESS NAMES	lub lamb	Deregistered	01/06/2015	12/10/2017	01/06/2017			39359347153
BUSINESS NAMES	Strive Health Management	Deregistered	02/06/2015	25/06/2017	02/06/2017			32437622794
BUSINESS NAMES	QUEENSLAND STRONGMAN PROMOTIONS	Deregistered	04/06/2015	12/10/2017	04/06/2017			84675176377
BUSINESS NAMES	Majestic Scents Soy Candles	Deregistered	28/05/2015	05/10/2017	28/05/2017			97669101193
BUSINESS NAMES	Erebus C&V	Deregistered	04/06/2015	12/10/2017	04/06/2017			81886574501
BUSINESS NAMES	Noise & Colour	Deregistered	03/06/2015	02/11/2017	03/06/2018			18602470891
BUSINESS NAMES	GoTechSup	Deregistered	02/06/2015	19/08/2017	02/06/2018			26356306063
BUSINESS NAMES	LEGION PRODUCTS	Deregistered	28/05/2015	05/10/2017	28/05/2017			84092264154
BUSINESS NAMES	Embark Homestay Pet Care	Deregistered	31/05/2015	12/10/2017	31/05/2017			44154144135
BUSINESS NAMES	Gawler Relaxation and Healing Haven	Deregistered	29/05/2015	17/09/2017	29/05/2019			94830751448
BUSINESS NAMES	Robert's Tree Service	Deregistered	03/06/2015	12/10/2017	03/06/2017			36084460663
BUSINESS NAMES	Transforming Learning	Deregistered	30/05/2015	06/03/2017	30/05/2018			23629407318
BUSINESS NAMES	Les Chefs Bundaberg	Deregistered	02/06/2015	12/10/2017	02/06/2017			63264371936
BUSINESS NAMES	Seaton Arms Restaurant	Deregistered	01/06/2015	20/11/2017	01/06/2018			49128920531
BUSINESS NAMES	the Traxtion group	Deregistered	03/06/2015	12/10/2017	03/06/2017			62259176932
BUSINESS NAMES	The Palisade Hotel	Deregistered	01/06/2015	18/12/2017	01/06/2018			52744117396
BUSINESS NAMES	Executive Printing Solutions	Deregistered	01/06/2015	12/10/2017	01/06/2017			79786871543
BUSINESS NAMES	CENTURY21 Legend Realty	Deregistered	02/06/2015	28/05/2017	02/06/2018			14603830539
BUSINESS NAMES	KID STYLE FILE	Deregistered	30/05/2015	30/08/2017	30/05/2018			25078346782
BUSINESS NAMES	FASHIONSTYLEFILE	Deregistered	30/05/2015	20/11/2017	30/05/2018			25078346782
BUSINESS NAMES	Mind Jungle	Deregistered	01/06/2015	12/10/2017	01/06/2017			85957579377
BUSINESS NAMES	Glass A'Bout	Deregistered	04/06/2015	12/10/2017	04/06/2017			16096173152
BUSINESS NAMES	J Consultancy & Training	Deregistered	28/05/2015	05/10/2017	28/05/2017			80572759117
BUSINESS NAMES	HOMESTYLEFILE	Deregistered	30/05/2015	30/08/2017	30/05/2018			25078346782
BUSINESS NAMES	Magnolia Reine	Deregistered	29/05/2015	05/10/2017	29/05/2017			96104304631
BUSINESS NAMES	Aussie Boat Loans	Deregistered	02/06/2015	01/05/2017	02/06/2018			69061337746
BUSINESS NAMES	CC's Giftware	Deregistered	30/05/2015	02/07/2017	30/05/2017			24571504791
BUSINESS NAMES	Saige & Thyme	Deregistered	02/06/2015	12/10/2017	02/06/2017			16381540850
BUSINESS NAMES	THE BAMBOO FOREST	Deregistered	29/05/2015	22/08/2017	29/05/2018			57321604592
BUSINESS NAMES	KEPPEL KOMBUCHA	Deregistered	30/05/2015	29/07/2017	30/05/2018			86489978262
BUSINESS NAMES	SQUIRREL DESIGN STUDIO	Deregistered	03/06/2015	28/08/2017	03/06/2018			90209295940
BUSINESS NAMES	Leisure Ace	Deregistered	31/05/2015	18/06/2017	31/05/2017			79323583370
BUSINESS NAMES	ALWAYS WINNING FITNESS	Deregistered	02/06/2015	12/10/2017	02/06/2017			20786978063
BUSINESS NAMES	Harvest Accountants	Deregistered	01/06/2015	28/08/2017	01/06/2018			11104899318
BUSINESS NAMES	INTO THE LIONS DEN	Deregistered	02/06/2015	12/10/2017	02/06/2017			44554176713
BUSINESS NAMES	Bust-A-Move Entertainment	Deregistered	01/06/2015	12/10/2017	01/06/2017			57354214717
BUSINESS NAMES	JADESTAR MARKETING	Deregistered	04/06/2015	12/10/2017	04/06/2017			39275122683
BUSINESS NAMES	GRIFT Fit	Deregistered	31/05/2015	12/10/2017	31/05/2017			36502634735
BUSINESS NAMES	Dominus Adventure	Deregistered	03/06/2015	07/03/2017	03/06/2018			47423900236
BUSINESS NAMES	Glove-Tech	Deregistered	04/06/2015	12/10/2017	04/06/2017			55169556530
BUSINESS NAMES	Home Straight Inspections	Deregistered	29/05/2015	05/10/2017	29/05/2017			21898480475
BUSINESS NAMES	AUSTRALIAN SPRAY TAN SUPPLIES	Deregistered	04/06/2015	12/10/2017	04/06/2017			65524071915
BUSINESS NAMES	PERFECTION CLEANING UNLIMITED	Deregistered	30/05/2015	12/10/2017	30/05/2017			42324126627
BUSINESS NAMES	Ultimate Body Sculpt - Personal Training	Deregistered	28/05/2015	05/10/2017	28/05/2017			71956963439
BUSINESS NAMES	Kalgan Plumbing and Property Services	Deregistered	29/05/2015	04/02/2018	29/05/2018			44121800905
BUSINESS NAMES	think-ezy home loans	Deregistered	29/05/2015	05/10/2017	29/05/2017			15667171518
BUSINESS NAMES	Tank Container Solutions	Deregistered	04/06/2015	28/12/2017	04/06/2018			13564017339
BUSINESS NAMES	OUTWEST GARDNZ	Deregistered	03/06/2015	27/06/2017	15/06/2018			17114771550
